{"0": 0.5029111776656126, "1": 86.37589928057554}